State,Account length,Area code,International plan,Voice mail plan,Number vmail messages,Total day minutes,Total day calls,Total day charge,Total eve minutes,Total eve calls,Total eve charge,Total night minutes,Total night calls,Total night charge,Total intl minutes,Total intl calls,Total intl charge,Customer service calls,Churn
DE,99,415,No,No,0,254.4,120,43.25,159.3,92,13.54,264.4,94,11.9,6.0,5,1.62,1,False
CO,59,510,No,No,0,153.6,92,26.11,205.5,88,17.47,114.5,89,5.15,12.5,10,3.38,1,False
ID,92,415,Yes,No,0,173.1,140,29.43,240.3,105,20.43,233.2,117,10.49,9.0,5,2.43,1,False
RI,155,408,Yes,No,0,163.1,94,27.73,291.7,108,24.79,96.4,111,4.34,11.2,3,3.02,0,False
DC,180,415,No,Yes,33,231.8,78,39.41,232.9,79,19.8,206.9,121,9.31,7.6,4,2.05,1,False
AK,59,510,No,No,0,182.5,104,31.03,204.7,95,17.4,229.9,100,10.35,11.3,8,3.05,4,False
NJ,95,415,No,Yes,22,40.9,126,6.95,133.4,90,11.34,264.2,91,11.89,11.9,7,3.21,0,False
MN,124,510,No,No,0,157.5,70,26.78,130.7,79,11.11,193.4,98,8.7,9.6,4,2.59,3,False
NH,90,408,No,No,0,140.2,97,23.83,213.9,102,18.18,120.0,126,5.4,7.1,2,1.92,1,False
MN,99,408,No,No,0,128.8,86,21.9,203.9,105,17.33,282.6,131,12.72,14.1,4,3.81,2,False
OH,144,415,No,Yes,18,106.4,109,18.09,108.1,113,9.19,208.4,111,9.38,10.1,5,2.73,1,False
VT,100,415,No,Yes,25,215.9,90,36.7,257.9,92,21.92,180.2,157,8.11,11.6,4,3.13,1,False
FL,75,510,No,Yes,26,118.5,86,20.15,213.9,118,18.18,132.6,99,5.97,13.4,3,3.62,2,False
KY,125,408,No,No,0,191.6,115,32.57,205.6,108,17.48,210.2,123,9.46,9.2,3,2.48,2,False
DE,139,408,No,No,0,139.0,110,23.63,132.9,93,11.3,272.0,120,12.24,12.1,1,3.27,0,False
VA,113,408,No,Yes,34,44.9,63,7.63,134.2,82,11.41,168.4,118,7.58,13.3,3,3.59,1,False
HI,70,415,No,No,0,197.3,91,33.54,305.8,81,25.99,171.0,105,7.69,6.7,6,1.81,1,False
TX,80,510,No,Yes,22,196.4,115,33.39,150.3,109,12.78,176.2,75,7.93,9.3,1,2.51,0,False
SC,64,510,No,Yes,37,154.6,92,26.28,83.4,103,7.09,165.9,99,7.47,13.3,3,3.59,1,False
MD,123,408,No,No,0,206.9,115,35.17,224.4,86,19.07,197.4,60,8.88,8.3,2,2.24,3,False
IA,66,510,No,No,0,256.3,135,43.57,180.2,106,15.32,187.3,135,8.43,6.2,7,1.67,2,False
SC,124,415,No,No,0,160.9,109,27.35,144.2,152,12.26,120.4,97,5.42,12.9,12,3.48,1,False
SD,52,510,No,Yes,20,133.3,63,22.66,184.1,123,15.65,272.9,107,12.28,13.5,2,3.65,1,False
DE,110,510,No,No,0,148.5,115,25.25,276.4,84,23.49,193.6,112,8.71,12.4,3,3.35,1,False
NE,90,415,No,No,0,145.5,92,24.74,217.7,114,18.5,146.9,123,6.61,10.9,2,2.94,3,False
WY,127,510,Yes,No,0,247.5,99,42.08,108.5,118,9.22,232.0,72,10.44,10.6,3,2.86,2,False
TN,3,415,No,No,0,185.0,120,31.45,203.7,129,17.31,170.5,89,7.67,14.1,3,3.81,3,False
KY,113,415,No,No,0,215.6,96,36.65,193.4,127,16.44,105.4,115,4.74,13.5,3,3.65,1,False
AL,137,415,No,No,0,104.7,115,17.8,249.8,144,21.23,192.3,99,8.65,8.9,2,2.4,1,False
ME,57,415,No,Yes,33,193.4,105,32.88,231.6,79,19.69,226.2,90,10.18,11.1,11,3.0,2,False
VA,163,415,No,No,0,202.9,100,34.49,178.6,46,15.18,203.8,116,9.17,12.8,3,3.46,5,False
IL,127,510,No,No,0,220.2,108,37.43,188.4,124,16.01,172.7,113,7.77,11.7,3,3.16,2,False
KS,74,415,No,Yes,32,174.6,107,29.68,310.6,115,26.4,234.7,92,10.56,9.0,4,2.43,1,False
WV,95,415,No,No,0,134.4,104,22.85,152.4,95,12.95,236.5,80,10.64,9.4,3,2.54,1,False
TX,88,510,No,No,0,138.3,116,23.51,236.0,138,20.06,179.1,110,8.06,9.6,4,2.59,3,False
MD,165,415,No,Yes,39,167.4,113,28.46,172.7,94,14.68,192.6,113,8.67,9.5,4,2.57,3,False
MD,90,415,No,No,0,114.4,122,19.45,127.7,154,10.85,253.1,109,11.39,10.1,5,2.73,2,False
ID,87,415,No,No,0,156.8,93,26.66,215.8,68,18.34,223.3,77,10.05,7.6,6,2.05,1,False
NJ,138,510,No,No,0,220.2,89,37.43,88.3,125,7.51,195.3,79,8.79,12.9,5,3.48,0,False
WV,77,510,No,No,0,67.7,68,11.51,195.7,86,16.63,236.5,137,10.64,12.0,2,3.24,1,False
OH,80,415,No,No,0,197.6,83,33.59,164.5,86,13.98,94.0,98,4.23,6.4,6,1.73,1,False
MA,58,408,No,No,0,174.4,112,29.65,265.8,122,22.59,182.4,87,8.21,0.0,0,0.0,4,False
SC,108,510,No,No,0,187.4,101,31.86,199.9,126,16.99,216.1,107,9.72,12.6,8,3.4,1,False
AK,141,408,No,No,0,83.2,74,14.14,190.6,104,16.2,150.5,79,6.77,10.7,7,2.89,1,False
MT,10,510,No,No,0,183.0,103,31.11,214.8,77,18.26,206.4,73,9.29,8.7,6,2.35,2,False
NH,142,408,Yes,Yes,25,191.1,109,32.49,149.6,120,12.72,227.8,60,10.25,9.8,3,2.65,0,False
MA,118,408,Yes,No,0,160.0,123,27.2,175.4,96,14.91,184.8,99,8.32,9.9,3,2.67,2,False
TN,123,415,No,Yes,34,305.2,80,51.88,156.5,109,13.3,280.0,81,12.6,13.2,7,3.56,1,False
GA,155,510,No,No,0,71.2,90,12.1,304.4,119,25.87,183.3,103,8.25,8.6,4,2.32,0,False
MT,72,415,No,No,0,253.0,73,43.01,219.3,78,18.64,210.8,89,9.49,9.8,4,2.65,0,False
IN,46,415,No,Yes,34,191.4,102,32.54,361.8,96,30.75,147.5,132,6.64,7.2,2,1.94,1,False
IL,91,415,No,No,0,189.3,100,32.18,239.3,107,20.34,89.7,89,4.04,9.9,3,2.67,3,False
VT,142,415,No,No,0,232.5,74,39.53,181.8,142,15.45,203.1,86,9.14,10.4,6,2.81,4,False
RI,114,510,No,Yes,28,225.8,94,38.39,193.0,117,16.41,232.4,100,10.46,8.4,9,2.27,4,False
DC,148,415,No,Yes,38,209.2,110,35.56,116.6,73,9.91,109.6,105,4.93,16.5,4,4.46,2,False
NV,91,408,No,No,0,133.7,75,22.73,195.3,87,16.6,280.5,89,12.62,5.9,2,1.59,0,False
NH,148,408,No,No,0,17.6,121,2.99,161.7,125,13.74,203.1,82,9.14,10.6,6,2.86,1,False
GA,133,510,No,No,0,227.4,90,38.66,73.2,135,6.22,114.3,99,5.14,4.7,7,1.27,0,False
AK,97,415,No,Yes,24,176.1,109,29.94,159.4,81,13.55,269.1,94,12.11,12.1,9,3.27,0,False
TX,50,408,No,Yes,31,302.7,93,51.46,240.5,119,20.44,193.9,103,8.73,13.6,14,3.67,3,False
NC,127,415,No,Yes,25,82.2,95,13.97,163.3,109,13.88,264.9,104,11.92,5.1,6,1.38,0,False
WY,113,510,No,No,0,155.0,93,26.35,330.6,106,28.1,189.4,123,8.52,13.5,3,3.65,1,False
NV,110,408,No,Yes,34,192.3,114,32.69,129.3,114,10.99,136.3,102,6.13,6.3,12,1.7,1,False
SD,125,415,No,No,0,163.8,73,27.85,255.6,85,21.73,192.9,95,8.68,15.7,4,4.24,0,False
KY,95,510,No,No,0,157.3,116,26.74,197.5,77,16.79,128.2,111,5.77,8.4,4,2.27,2,False
WY,90,510,No,No,0,125.4,158,21.32,269.1,83,22.87,238.6,103,10.74,11.0,7,2.97,1,False
MI,82,415,No,No,0,135.4,102,23.02,237.1,122,20.15,118.3,91,5.32,17.5,4,4.73,0,False
NM,117,415,No,No,0,143.3,103,24.36,211.3,108,17.96,185.2,96,8.33,11.5,3,3.11,1,False
AZ,100,415,No,No,0,188.5,152,32.05,148.3,115,12.61,179.8,88,8.09,15.2,5,4.1,2,False
NH,95,510,No,No,0,142.5,109,24.23,176.1,107,14.97,189.6,88,8.53,8.2,3,2.21,2,False
PA,85,408,No,No,0,144.4,88,24.55,264.6,105,22.49,185.4,94,8.34,9.9,3,2.67,1,False
LA,121,408,No,No,0,181.5,121,30.86,218.4,98,18.56,161.6,103,7.27,8.5,5,2.3,1,False
TN,33,415,No,Yes,35,186.8,124,31.76,261.0,69,22.19,317.8,103,14.3,15.0,5,4.05,0,False
DC,147,408,No,No,0,168.6,92,28.66,187.7,107,15.95,216.5,95,9.74,14.4,8,3.89,2,False
HI,97,415,No,Yes,43,121.1,105,20.59,260.2,115,22.12,222.4,100,10.01,8.3,5,2.24,3,False
MI,127,510,No,Yes,25,203.8,118,34.65,267.1,48,22.7,225.1,105,10.13,7.3,5,1.97,0,False
WV,62,408,No,No,0,128.7,111,21.88,169.5,104,14.41,193.6,97,8.71,10.3,5,2.78,1,False
RI,53,408,No,Yes,18,146.8,107,24.96,310.0,84,26.35,178.7,130,8.04,7.2,7,1.94,0,False
IN,57,415,No,No,0,189.3,157,32.18,174.9,70,14.87,221.9,117,9.99,11.2,5,3.02,3,False
AZ,140,408,No,No,0,173.2,91,29.44,196.8,106,16.73,209.3,128,9.42,11.2,5,3.02,3,False
CT,163,408,No,Yes,40,231.9,56,39.42,211.8,91,18.0,268.5,74,12.08,12.3,3,3.32,2,False
NE,105,415,No,Yes,27,141.2,96,24.0,167.7,94,14.25,274.4,101,12.35,11.4,2,3.08,1,False
NJ,42,415,No,Yes,32,163.8,80,27.85,177.8,123,15.11,190.4,106,8.57,8.1,5,2.19,0,False
NV,116,510,No,Yes,35,118.0,103,20.06,167.2,106,14.21,205.7,102,9.26,11.8,2,3.19,2,False
UT,83,510,No,No,0,208.9,71,35.51,214.8,92,18.26,247.9,108,11.16,13.0,5,3.51,1,False
WY,43,415,Yes,No,0,251.5,105,42.76,212.8,104,18.09,157.8,67,7.1,9.3,4,2.51,0,False
VT,107,510,No,No,0,189.7,76,32.25,156.1,65,13.27,244.0,91,10.98,8.3,3,2.24,5,False
NY,131,408,Yes,No,0,122.3,83,20.79,118.8,94,10.1,147.9,95,6.66,13.7,3,3.7,3,True
DE,115,415,No,No,0,195.9,111,33.3,227.0,108,19.3,313.2,113,14.09,13.2,1,3.56,2,False
MT,71,510,No,Yes,23,175.7,82,29.87,258.9,136,22.01,268.4,154,12.08,14.1,7,3.81,1,False
DC,45,415,No,No,0,96.1,103,16.34,246.8,134,20.98,229.7,92,10.34,9.7,4,2.62,1,False
WV,57,415,Yes,Yes,17,236.5,94,40.21,163.1,94,13.86,236.7,117,10.65,12.2,3,3.29,2,False
CO,104,415,No,No,0,182.9,113,31.09,239.6,85,20.37,229.8,104,10.34,5.5,4,1.49,2,False
AL,149,415,No,Yes,20,264.4,102,44.95,219.6,123,18.67,200.4,89,9.02,11.3,3,3.05,2,False
ME,105,408,No,Yes,33,209.6,68,35.63,146.9,140,12.49,121.0,131,5.44,10.6,3,2.86,2,False
VA,21,415,No,No,0,223.2,142,37.94,216.5,114,18.4,214.7,111,9.66,12.4,2,3.35,1,False
ME,88,415,No,No,0,192.0,91,32.64,127.6,127,10.85,155.6,125,7.0,7.5,5,2.03,1,False
RI,129,415,No,No,0,139.5,119,23.72,289.3,105,24.59,129.4,97,5.82,13.1,8,3.54,0,False
NH,55,408,No,Yes,20,189.3,95,32.18,118.6,113,10.08,250.2,102,11.26,12.5,4,3.38,2,False
MN,53,415,No,No,0,164.1,106,27.9,206.0,56,17.51,194.7,124,8.76,11.4,2,3.08,1,False
CT,150,510,No,No,0,189.3,77,32.18,220.9,105,18.78,238.7,117,10.74,9.2,5,2.48,4,False
OH,83,510,No,No,0,227.9,78,38.74,207.5,115,17.64,211.7,100,9.53,12.1,5,3.27,1,False
DC,115,510,No,Yes,29,222.6,81,37.84,190.3,109,16.18,201.2,87,9.05,11.5,2,3.11,1,False
WA,111,510,No,No,0,152.2,114,25.87,137.2,102,11.66,185.9,97,8.37,9.8,3,2.65,0,False
NV,96,408,No,No,0,197.7,68,33.61,250.5,53,21.29,181.2,67,8.15,10.5,3,2.84,3,False
CT,115,415,No,No,0,245.0,97,41.65,250.7,75,21.31,270.2,124,12.16,13.7,8,3.7,1,True
FL,185,408,No,No,0,55.6,97,9.45,288.7,83,24.54,111.2,110,5.0,12.1,3,3.27,2,False
VT,126,415,No,No,0,226.2,88,38.45,140.3,114,11.93,208.9,110,9.4,6.4,2,1.73,0,False
AR,80,415,No,No,0,124.3,100,21.13,173.0,107,14.71,253.2,62,11.39,7.9,9,2.13,1,False
WV,48,415,No,Yes,34,198.0,70,33.66,273.7,121,23.26,217.9,71,9.81,7.6,4,2.05,1,False
WV,172,415,No,No,0,211.7,100,35.99,198.7,101,16.89,301.7,136,13.58,6.5,9,1.76,1,False
DE,95,510,No,No,0,184.2,95,31.31,181.6,101,15.44,143.4,113,6.45,12.8,4,3.46,2,False
MA,102,510,Yes,No,0,233.8,103,39.75,221.6,131,18.84,146.9,106,6.61,12.8,3,3.46,0,False
NY,137,415,Yes,No,0,174.0,123,29.58,161.3,115,13.71,260.7,98,11.73,11.4,3,3.08,2,False
ND,70,415,No,Yes,31,125.9,101,21.4,196.4,102,16.69,252.7,75,11.37,10.3,4,2.78,1,False
TX,130,408,No,No,0,252.0,101,42.84,170.2,105,14.47,209.2,64,9.41,5.7,5,1.54,0,False
MO,107,415,No,Yes,22,281.1,83,47.79,143.7,130,12.21,239.4,128,10.77,11.2,9,3.02,1,False
AL,148,415,No,Yes,21,262.9,135,44.69,149.5,96,12.71,140.5,109,6.32,8.1,4,2.19,1,False
NM,104,415,No,No,0,164.2,109,27.91,155.4,90,13.21,168.9,117,7.6,10.7,8,2.89,1,False
OR,190,415,No,No,0,142.9,96,24.29,177.9,96,15.12,113.3,117,5.1,6.6,4,1.78,0,False
WV,113,510,No,No,0,72.5,88,12.33,204.0,112,17.34,117.9,118,5.31,6.6,3,1.78,1,False
CT,40,510,Yes,No,0,220.8,100,37.54,265.7,106,22.58,212.8,94,9.58,6.4,3,1.73,0,False
ID,134,415,No,No,0,204.7,108,34.8,143.1,105,12.16,165.8,84,7.46,11.0,4,2.97,6,False
SC,106,408,No,No,0,52.2,106,8.87,220.1,113,18.71,112.3,95,5.05,11.4,2,3.08,2,False
PA,176,415,No,No,0,169.5,151,28.82,112.9,84,9.6,56.6,99,2.55,8.7,4,2.35,0,False
AZ,138,415,No,No,0,87.6,112,14.89,266.9,107,22.69,214.6,104,9.66,9.8,10,2.65,2,False
RI,95,510,No,Yes,27,129.5,106,22.02,248.9,90,21.16,268.0,115,12.06,11.9,3,3.21,1,False
IL,21,415,No,No,0,146.0,78,24.82,109.7,79,9.32,247.4,108,11.13,6.8,7,1.84,0,False
WY,111,415,No,No,0,146.2,55,24.85,261.5,83,22.23,163.2,116,7.34,8.7,3,2.35,3,False
CO,68,408,No,No,0,237.1,105,40.31,223.5,105,19.0,97.4,79,4.38,13.2,2,3.56,1,False
NY,137,510,No,No,0,109.8,120,18.67,230.5,86,19.59,255.8,103,11.51,11.9,6,3.21,1,False
CT,102,415,No,Yes,25,137.4,100,23.36,176.7,83,15.02,188.2,93,8.47,10.2,6,2.75,2,False
IN,154,510,No,Yes,32,192.3,82,32.69,165.3,134,14.05,205.0,74,9.23,9.0,1,2.43,2,False
IL,65,510,No,No,0,192.0,89,32.64,139.5,88,11.86,187.4,102,8.43,5.5,4,1.49,2,False
MO,131,408,No,No,0,109.5,95,18.62,332.1,48,28.23,258.6,108,11.64,6.6,7,1.78,1,False
MD,18,408,No,No,0,273.6,93,46.51,114.6,116,9.74,250.6,120,11.28,8.2,4,2.21,1,False
UT,91,415,No,Yes,34,175.3,96,29.8,262.3,122,22.3,143.9,76,6.48,5.6,11,1.51,1,False
WY,131,510,No,No,0,110.9,74,18.85,115.6,90,9.83,190.5,114,8.57,15.8,9,4.27,1,False
NJ,72,415,No,No,0,175.5,103,29.84,132.3,120,11.25,242.9,96,10.93,11.8,3,3.19,1,False
WI,114,415,No,Yes,26,137.1,88,23.31,155.7,125,13.23,247.6,94,11.14,11.5,7,3.11,2,False
SC,41,408,No,No,0,237.8,92,40.43,223.5,155,19.0,217.4,90,9.78,10.2,6,2.75,2,False
WI,123,415,No,No,0,172.2,92,29.27,162.6,76,13.82,250.3,101,11.26,8.7,4,2.35,1,False
AL,131,415,No,Yes,25,192.7,85,32.76,225.9,105,19.2,254.2,59,11.44,10.9,6,2.94,2,False
TN,130,415,No,Yes,12,141.9,92,24.12,228.9,102,19.46,195.1,101,8.78,8.7,5,2.35,0,False
UT,72,415,No,No,0,118.2,106,20.09,167.2,136,14.21,214.2,106,9.64,12.2,3,3.29,3,False
CT,184,510,Yes,No,0,213.8,105,36.35,159.6,84,13.57,139.2,137,6.26,5.0,10,1.35,2,False
LA,128,415,No,No,0,148.5,105,25.25,243.0,106,20.66,255.2,114,11.48,6.8,2,1.84,1,False
AZ,67,415,No,No,0,210.7,116,35.82,219.2,86,18.63,179.7,83,8.09,7.2,6,1.94,1,False
NC,107,415,No,Yes,38,204.2,57,34.71,205.9,92,17.5,286.5,80,12.89,8.3,4,2.24,0,False
PA,82,408,No,No,0,125.7,96,21.37,207.6,137,17.65,183.1,103,8.24,12.9,2,3.48,1,False
CA,113,415,No,No,0,187.6,97,31.89,208.2,118,17.7,158.9,101,7.15,8.7,6,2.35,2,False
CA,137,415,No,Yes,22,189.6,42,32.23,179.0,137,15.22,179.6,126,8.08,11.4,5,3.08,2,False
AL,98,408,No,No,0,161.0,117,27.37,190.9,113,16.23,227.7,113,10.25,12.1,4,3.27,4,False
NJ,149,408,No,No,0,140.4,94,23.87,271.8,92,23.1,188.3,108,8.47,11.1,9,3.0,1,False
LA,62,415,No,No,0,186.8,94,31.76,207.6,92,17.65,195.0,98,8.78,8.8,4,2.38,3,False
ND,148,415,Yes,No,0,218.7,111,37.18,155.6,133,13.23,277.4,62,12.48,8.2,5,2.21,1,False
FL,136,408,Yes,No,0,199.2,122,33.86,214.7,114,18.25,150.9,105,6.79,11.8,7,3.19,1,False
WV,63,510,No,No,0,132.9,122,22.59,67.0,62,5.7,160.4,121,7.22,9.9,2,2.67,3,False
ND,84,510,No,No,0,226.9,144,38.57,201.6,122,17.14,130.2,121,5.86,13.2,5,3.56,2,False
DE,96,415,No,Yes,26,175.8,96,29.89,206.6,84,17.56,178.0,105,8.01,11.1,2,3.0,2,False
IL,85,415,No,Yes,29,144.6,97,24.58,140.0,102,11.9,165.4,148,7.44,10.9,3,2.94,1,False
OR,99,408,No,No,0,256.4,44,43.59,214.5,105,18.23,233.7,75,10.52,7.9,1,2.13,3,True
IA,64,415,No,Yes,43,118.4,100,20.13,144.1,108,12.25,158.1,91,7.11,8.5,6,2.3,1,False
WY,107,510,No,Yes,31,160.3,45,27.25,221.5,70,18.83,261.6,109,11.77,5.6,1,1.51,1,False
IA,113,510,No,No,0,156.0,141,26.52,256.8,72,21.83,175.3,123,7.89,11.9,5,3.21,2,False
MA,150,408,No,Yes,27,209.8,112,35.67,155.0,80,13.18,251.5,111,11.32,7.2,6,1.94,0,False
LA,95,415,No,No,0,141.1,84,23.99,211.4,108,17.97,103.7,127,4.67,5.9,6,1.59,3,False
HI,155,415,Yes,Yes,26,211.7,121,35.99,139.2,123,11.83,146.7,89,6.6,11.1,3,3.0,1,False
ME,176,415,No,No,0,223.2,76,37.94,214.4,131,18.22,154.4,80,6.95,10.1,2,2.73,3,False
VT,95,510,No,No,0,203.4,96,34.58,168.6,61,14.33,173.0,105,7.79,13.7,3,3.7,2,False
KS,79,415,No,No,0,177.9,83,30.24,167.3,84,14.22,223.7,142,10.07,15.2,8,4.1,0,False
RI,158,510,No,No,0,220.9,129,37.55,242.2,108,20.59,233.3,75,10.5,6.4,5,1.73,0,False
UT,91,510,No,No,0,123.8,107,21.05,319.0,125,27.12,237.6,78,10.69,7.3,4,1.97,2,False
MI,61,415,No,No,0,188.9,105,32.11,153.6,116,13.06,213.3,106,9.6,10.2,2,2.75,2,False
MT,94,415,No,No,0,137.5,118,23.38,203.2,88,17.27,150.0,131,6.75,13.4,2,3.62,0,False
NE,129,510,No,Yes,30,177.3,95,30.14,211.8,102,18.0,240.2,108,10.81,9.3,7,2.51,3,False
HI,105,510,No,No,0,125.4,116,21.32,261.5,95,22.23,241.6,104,10.87,11.4,9,3.08,2,False
MD,125,408,No,No,0,137.1,94,23.31,209.8,83,17.83,238.4,114,10.73,8.6,4,2.32,1,False
MD,84,510,No,No,0,169.5,96,28.82,157.6,94,13.4,98.2,70,4.42,10.6,7,2.86,0,False
WA,55,415,No,No,0,194.1,121,33.0,176.6,110,15.01,302.8,136,13.63,7.0,7,1.89,2,False
SD,110,408,No,Yes,40,202.6,103,34.44,118.8,128,10.1,234.9,98,10.57,9.0,9,2.43,2,False
ME,41,415,No,Yes,30,191.7,109,32.59,193.0,86,16.41,149.4,93,6.72,11.1,4,3.0,1,False
IA,89,415,No,Yes,35,174.4,108,29.65,196.7,100,16.72,127.4,74,5.73,11.8,3,3.19,1,False
ME,59,510,No,No,0,166.3,95,28.27,239.3,87,20.34,123.2,108,5.54,10.0,3,2.7,2,False
PA,124,415,No,No,0,167.4,119,28.46,233.2,143,19.82,109.6,115,4.93,10.3,5,2.78,0,False
NY,31,408,No,Yes,28,171.8,116,29.21,240.7,125,20.46,245.5,80,11.05,10.6,7,2.86,1,False
NC,210,415,No,Yes,31,313.8,87,53.35,147.7,103,12.55,192.7,97,8.67,10.1,7,2.73,3,False
NH,121,510,No,Yes,35,193.8,62,32.95,197.6,97,16.8,218.8,95,9.85,5.9,4,1.59,0,False
OH,93,415,No,Yes,42,152.3,90,25.89,267.5,102,22.74,266.9,130,12.01,11.3,5,3.05,7,False
AL,73,415,No,No,0,192.2,86,32.67,168.6,116,14.33,139.8,87,6.29,9.4,6,2.54,1,False
NY,39,408,No,No,0,160.4,68,27.27,102.6,103,8.72,235.3,106,10.59,9.1,5,2.46,2,False
NJ,106,415,No,No,0,207.9,91,35.34,172.0,109,14.62,191.8,143,8.63,14.4,7,3.89,4,False
MN,79,408,No,Yes,32,50.6,62,8.6,201.4,87,17.12,146.8,121,6.61,4.2,4,1.13,2,False
KS,93,415,No,No,0,266.0,120,45.22,130.1,84,11.06,165.8,63,7.46,13.1,6,3.54,3,False
WV,86,415,No,Yes,38,123.0,158,20.91,133.9,119,11.38,138.2,103,6.22,13.3,4,3.59,1,False
ID,95,415,No,Yes,32,247.0,109,41.99,125.6,91,10.68,226.5,90,10.19,10.5,4,2.84,3,False
NE,194,408,No,No,0,48.4,101,8.23,281.1,138,23.89,218.5,87,9.83,18.2,1,4.91,1,False
CO,141,415,No,No,0,126.9,98,21.57,180.0,62,15.3,140.8,128,6.34,8.0,2,2.16,1,False
MS,66,408,No,Yes,32,187.8,117,31.93,129.8,90,11.03,132.3,113,5.95,12.0,3,3.24,2,False
MS,107,510,Yes,No,0,273.5,104,46.5,183.8,68,15.62,153.8,67,6.92,11.0,9,2.97,2,False
SD,114,415,No,Yes,36,309.9,90,52.68,200.3,89,17.03,183.5,105,8.26,14.2,2,3.83,1,False
VT,73,408,No,No,0,213.0,95,36.21,188.8,104,16.05,136.2,89,6.13,13.5,3,3.65,0,False
NC,122,415,No,No,0,180.0,88,30.6,145.0,77,12.33,233.7,120,10.52,11.5,6,3.11,2,False
MN,57,415,No,No,0,272.7,74,46.36,224.9,85,19.12,178.2,104,8.02,10.5,3,2.84,2,True
DC,88,415,No,Yes,17,219.5,78,37.32,222.1,94,18.88,188.3,92,8.47,16.1,5,4.35,1,False
AZ,137,415,No,No,0,141.1,91,23.99,147.2,100,12.51,254.7,75,11.46,8.0,7,2.16,2,False
LA,111,415,No,Yes,28,128.8,104,21.9,157.3,52,13.37,147.4,76,6.63,10.3,2,2.78,2,False
WI,127,415,No,No,0,218.6,93,37.16,149.9,130,12.74,204.6,131,9.21,9.2,5,2.48,2,False
PA,141,510,No,No,0,215.6,113,36.65,200.6,81,17.05,153.8,107,6.92,12.4,6,3.35,1,False
MN,186,415,No,Yes,26,74.3,107,12.63,177.3,116,15.07,296.3,90,13.33,14.5,3,3.92,2,False
WA,110,510,No,No,0,185.1,100,31.47,165.1,88,14.03,111.6,104,5.02,6.3,4,1.7,3,False
AK,52,510,No,No,0,148.3,83,25.21,181.6,79,15.44,155.6,104,7.0,8.3,6,2.24,3,False
FL,85,408,Yes,No,0,116.2,86,19.75,229.7,127,19.52,204.2,109,9.19,10.1,3,2.73,3,False
GA,107,510,No,No,0,194.5,97,33.07,186.3,131,15.84,178.3,106,8.02,12.7,1,3.43,2,False
HI,106,415,No,No,0,147.9,97,25.14,209.3,99,17.79,162.1,80,7.29,8.8,5,2.38,2,False
KS,163,415,No,No,0,191.3,89,32.52,193.9,87,16.48,268.4,121,12.08,12.8,4,3.46,1,False
MS,124,415,No,No,0,251.5,85,42.76,214.2,98,18.21,186.1,71,8.37,11.1,6,3.0,3,False
WV,124,510,No,No,0,184.8,74,31.42,175.1,84,14.88,158.2,95,7.12,10.5,6,2.84,1,False
AR,87,408,No,No,0,185.8,119,31.59,192.3,83,16.35,200.0,96,9.0,6.6,4,1.78,1,False
OH,134,415,No,No,0,7.8,86,1.33,171.4,100,14.57,186.5,80,8.39,12.9,2,3.48,2,False
TX,145,415,No,No,0,187.9,110,31.94,197.0,117,16.75,167.0,108,7.52,4.8,4,1.3,2,False
OR,161,415,No,No,0,105.4,70,17.92,214.8,122,18.26,223.6,126,10.06,7.8,5,2.11,0,False
MA,78,415,No,No,0,130.8,64,22.24,223.7,116,19.01,227.8,108,10.25,10.0,5,2.7,1,False
WA,117,408,No,No,0,191.1,93,32.49,282.8,56,24.04,84.8,118,3.82,12.0,4,3.24,2,False
FL,104,415,No,No,0,76.4,116,12.99,115.6,74,9.83,226.3,94,10.18,9.4,3,2.54,3,False
NJ,139,415,No,Yes,43,231.0,85,39.27,222.3,82,18.9,148.0,105,6.66,8.3,5,2.24,2,False
FL,130,415,No,No,0,207.1,70,35.21,200.1,115,17.01,194.2,100,8.74,12.4,2,3.35,1,False
KS,119,415,No,No,0,231.5,82,39.36,266.9,97,22.69,211.0,118,9.49,7.4,10,2.0,1,False
LA,163,408,No,Yes,23,224.0,126,38.08,233.5,89,19.85,293.9,104,13.23,8.8,4,2.38,1,False
AK,76,415,No,Yes,22,160.1,107,27.22,168.7,136,14.34,23.2,102,1.04,9.5,4,2.57,3,False
OK,86,415,No,Yes,33,253.1,112,43.03,210.1,94,17.86,95.0,98,4.27,11.9,4,3.21,3,False
NV,81,415,No,Yes,28,167.9,147,28.54,190.7,105,16.21,193.0,103,8.69,9.2,6,2.48,4,True
SD,183,415,No,Yes,31,171.2,104,29.1,193.6,74,16.46,196.5,85,8.84,10.2,4,2.75,1,False
CT,74,510,No,No,0,203.8,77,34.65,205.1,111,17.43,154.9,109,6.97,9.0,2,2.43,1,False
VA,62,408,No,No,0,172.8,101,29.38,204.8,97,17.41,240.8,90,10.84,9.1,8,2.46,2,False
MD,136,415,No,No,0,250.2,121,42.53,267.1,118,22.7,151.0,114,6.8,13.0,2,3.51,1,True
CT,146,408,No,Yes,23,149.6,96,25.43,239.8,124,20.38,293.5,135,13.21,7.4,4,2.0,2,False
NC,75,408,No,No,0,203.3,70,34.56,228.9,97,19.46,222.2,118,10.0,14.3,3,3.86,1,False
OR,132,510,No,No,0,191.9,107,32.62,206.9,127,17.59,272.0,88,12.24,12.6,2,3.4,1,False
RI,63,415,Yes,No,0,62.9,112,10.69,202.9,111,17.25,259.0,58,11.66,8.9,8,2.4,1,False
TX,133,408,No,No,0,221.1,133,37.59,160.2,140,13.62,161.8,84,7.28,8.4,3,2.27,4,False
MS,136,415,No,Yes,24,174.6,76,29.68,176.6,114,15.01,214.4,91,9.65,8.8,5,2.38,2,False
MT,34,415,No,Yes,14,151.5,100,25.76,248.7,126,21.14,199.8,120,8.99,10.7,5,2.89,2,False
OH,146,415,No,No,0,169.5,93,28.82,230.9,71,19.63,269.8,115,12.14,9.0,7,2.43,2,False
AL,117,510,No,No,0,158.7,84,26.98,181.7,91,15.44,177.3,67,7.98,7.7,10,2.08,2,False
VT,135,415,No,No,0,151.7,82,25.79,119.0,105,10.12,180.0,100,8.1,10.5,6,2.84,0,False
VA,80,415,No,No,0,197.5,114,33.58,206.9,119,17.59,163.6,109,7.36,11.3,4,3.05,1,False
AZ,73,415,No,No,0,175.4,130,29.82,248.1,105,21.09,122.4,85,5.51,12.2,4,3.29,0,False
NE,132,510,No,No,0,99.5,110,16.92,129.1,80,10.97,125.1,124,5.63,9.7,3,2.62,0,False
MT,114,510,No,No,0,189.8,101,32.27,147.7,80,12.55,172.7,121,7.77,10.6,5,2.86,1,False
GA,70,415,No,Yes,24,249.5,101,42.42,259.7,98,22.07,222.7,68,10.02,9.8,4,2.65,1,False
AK,76,415,No,No,0,143.7,55,24.43,173.1,108,14.71,239.1,95,10.76,5.8,6,1.57,1,False
LA,99,510,No,No,0,142.3,89,24.19,204.5,95,17.38,203.1,114,9.14,9.1,1,2.46,0,False
ND,56,415,No,No,0,222.7,133,37.86,277.0,89,23.55,101.8,94,4.58,13.6,4,3.67,4,False
CO,63,415,No,Yes,32,30.9,113,5.25,187.0,113,15.9,230.8,101,10.39,8.6,7,2.32,1,False
OK,125,408,No,No,0,229.3,103,38.98,177.4,126,15.08,189.3,95,8.52,12.0,8,3.24,1,False
NY,61,415,No,No,0,197.7,118,33.61,152.2,96,12.94,221.0,93,9.95,7.0,3,1.89,2,False
CO,65,510,No,No,0,158.8,53,27.0,188.5,132,16.02,189.3,87,8.52,9.8,4,2.65,2,False
GA,57,408,Yes,Yes,30,234.5,130,39.87,195.2,116,16.59,268.8,94,12.1,11.4,4,3.08,2,False
DC,123,408,No,Yes,28,124.7,105,21.2,250.4,78,21.28,216.4,128,9.74,7.8,8,2.11,1,False
CT,103,510,No,No,0,160.2,104,27.23,138.9,70,11.81,312.5,97,14.06,9.7,2,2.62,0,False
ME,69,510,No,No,0,194.2,122,33.01,242.1,81,20.58,215.8,80,9.71,9.7,3,2.62,2,False
ID,78,415,No,No,0,103.5,115,17.6,117.9,102,10.02,201.0,94,9.05,12.0,3,3.24,4,True
NY,204,415,No,No,0,174.3,85,29.63,254.1,95,21.6,176.4,96,7.94,5.9,3,1.59,6,False
OH,94,415,No,No,0,181.3,135,30.82,182.4,108,15.5,180.6,103,8.13,6.7,2,1.81,0,False
WI,165,408,No,No,0,156.0,88,26.52,276.1,81,23.47,175.9,94,7.92,9.3,5,2.51,1,False
OH,149,408,No,No,0,196.3,108,33.37,136.8,96,11.63,154.7,87,6.96,7.7,3,2.08,2,False
ME,140,415,No,No,0,159.1,104,27.05,269.8,106,22.93,220.4,116,9.92,10.3,4,2.78,1,False
DE,106,415,No,No,0,128.6,83,21.86,134.0,114,11.39,210.6,113,9.48,11.4,2,3.08,0,False
HI,150,415,No,No,0,214.0,117,36.38,192.4,89,16.35,242.6,99,10.92,7.9,4,2.13,1,False
MA,13,408,No,No,0,220.4,100,37.47,211.2,79,17.95,259.3,112,11.67,13.6,8,3.67,2,False
MA,56,510,No,No,0,253.2,95,43.04,188.0,116,15.98,142.0,133,6.39,4.4,4,1.19,1,False
FL,106,510,No,No,0,159.6,94,27.13,276.8,118,23.53,223.5,65,10.06,8.8,3,2.38,0,False
OH,75,415,No,No,0,150.6,99,25.6,301.5,83,25.63,158.7,104,7.14,8.1,5,2.19,0,False
AR,89,408,Yes,No,0,206.9,134,35.17,167.7,105,14.25,155.7,86,7.01,10.9,4,2.94,0,False
IL,98,510,Yes,No,0,158.4,71,26.93,306.6,66,26.06,144.2,93,6.49,2.1,4,0.57,1,False
IA,76,510,No,No,0,198.3,130,33.71,217.1,86,18.45,188.4,96,8.48,12.5,3,3.38,0,False
UT,61,415,Yes,Yes,29,128.2,119,21.79,171.7,83,14.59,250.9,114,11.29,11.7,6,3.16,3,False
MO,135,510,No,No,0,246.8,129,41.96,187.8,121,15.96,154.5,109,6.95,12.6,5,3.4,1,False
OH,169,408,No,No,0,147.2,115,25.02,161.9,123,13.76,142.1,103,6.39,7.2,6,1.94,3,False
IA,75,415,No,No,0,138.5,110,23.55,153.2,86,13.02,215.6,103,9.7,11.1,7,3.0,1,False
MA,47,415,No,No,0,155.3,116,26.4,188.2,85,16.0,247.0,73,11.12,12.3,4,3.32,3,False
OH,86,415,No,Yes,29,225.4,79,38.32,187.1,112,15.9,281.1,112,12.65,12.9,3,3.48,1,False
IN,117,415,No,No,0,118.4,126,20.13,249.3,97,21.19,227.0,56,10.22,13.6,3,3.67,5,True
IL,123,408,No,No,0,114.8,94,19.52,150.0,104,12.75,268.6,119,12.09,9.6,4,2.59,2,False
IN,87,510,No,No,0,234.8,85,39.92,140.9,91,11.98,204.3,93,9.19,9.5,5,2.57,1,False
MN,95,408,No,Yes,32,262.2,123,44.57,165.2,82,14.04,194.3,57,8.74,10.6,5,2.86,0,False
TN,98,415,No,Yes,22,278.3,89,47.31,93.4,143,7.94,107.6,42,4.84,9.7,5,2.62,0,False
OH,75,510,No,Yes,46,214.1,62,36.4,200.9,111,17.08,246.8,126,11.11,9.2,6,2.48,0,False
SD,114,415,No,Yes,25,129.0,77,21.93,290.0,110,24.65,177.1,110,7.97,11.6,5,3.13,1,False
ID,83,415,No,No,0,159.3,104,27.08,202.3,98,17.2,229.0,73,10.31,9.5,3,2.57,2,False
MO,101,415,No,Yes,29,121.1,116,20.59,186.4,100,15.84,241.7,75,10.88,10.1,6,2.73,0,False
MA,126,408,No,Yes,24,58.9,125,10.01,305.5,90,25.97,158.9,73,7.15,12.1,6,3.27,0,False
NJ,59,510,No,No,0,195.0,58,33.15,198.5,88,16.87,304.3,110,13.69,14.8,9,4.0,0,False
MT,116,415,No,Yes,35,182.8,122,31.08,212.7,119,18.08,193.8,103,8.72,11.0,2,2.97,1,False
GA,101,415,No,Yes,33,200.1,108,34.02,188.9,122,16.06,205.1,90,9.23,15.5,4,4.19,0,False
DE,99,415,No,No,0,140.7,88,23.92,210.9,98,17.93,229.9,125,10.35,12.4,4,3.35,2,False
RI,145,408,No,Yes,43,257.7,97,43.81,162.1,95,13.78,286.9,86,12.91,11.1,4,3.0,2,False
PA,137,415,No,No,0,215.9,76,36.7,145.4,118,12.36,186.9,129,8.41,12.1,4,3.27,1,False
DE,92,415,No,No,0,197.0,84,33.49,269.3,105,22.89,158.9,105,7.15,10.8,4,2.92,1,False
NJ,108,415,No,Yes,41,171.6,110,29.17,136.1,78,11.57,183.4,103,8.25,10.8,7,2.92,0,False
AR,59,510,No,Yes,29,133.1,114,22.63,221.2,82,18.8,131.6,103,5.92,6.8,3,1.84,1,False
MI,53,510,No,Yes,37,167.3,99,28.44,194.7,99,16.55,236.7,112,10.65,12.0,9,3.24,2,False
UT,61,408,No,Yes,25,163.7,78,27.83,113.2,112,9.62,134.1,118,6.03,9.9,3,2.67,3,False
MT,100,415,No,No,0,113.3,96,19.26,197.9,89,16.82,284.5,93,12.8,11.7,2,3.16,4,True
OH,160,415,No,No,0,206.3,66,35.07,241.1,109,20.49,227.8,102,10.25,11.7,6,3.16,0,False
HI,118,415,No,No,0,253.2,122,43.04,201.0,78,17.09,195.3,108,8.79,9.7,7,2.62,2,False
MN,55,415,No,No,0,175.6,147,29.85,161.8,118,13.75,289.5,55,13.03,9.3,4,2.51,0,False
NY,160,408,No,No,0,216.8,77,36.86,207.3,117,17.62,228.6,117,10.29,5.6,2,1.51,1,False
VT,125,415,No,No,0,126.7,113,21.54,155.5,131,13.22,206.2,112,9.28,14.4,7,3.89,2,False
WY,225,415,No,No,0,182.7,142,31.06,246.5,63,20.95,218.0,103,9.81,8.8,2,2.38,1,False
AZ,70,415,No,No,0,104.7,112,17.8,82.2,104,6.99,169.4,110,7.62,15.8,7,4.27,3,False
ND,122,408,No,No,0,231.2,141,39.3,267.8,136,22.76,240.3,100,10.81,8.8,5,2.38,1,True
AL,85,415,No,No,0,210.3,66,35.75,195.8,76,16.64,221.6,82,9.97,11.2,7,3.02,1,False
NE,85,415,No,No,0,259.8,85,44.17,242.3,117,20.6,168.8,72,7.6,5.4,1,1.46,0,False
CT,54,415,No,Yes,33,161.8,73,27.51,273.0,58,23.21,153.9,76,6.93,13.7,4,3.7,0,False
AK,104,408,No,No,0,278.4,106,47.33,81.0,113,6.89,163.2,137,7.34,9.8,5,2.65,1,False
NJ,35,408,No,No,0,158.6,67,26.96,130.4,96,11.08,229.8,80,10.34,6.9,5,1.86,2,False
MS,86,510,No,Yes,39,261.2,122,44.4,214.2,101,18.21,154.9,101,6.97,12.7,5,3.43,2,False
UT,90,415,No,No,0,261.8,128,44.51,220.6,104,18.75,136.6,91,6.15,9.6,5,2.59,1,False
NM,147,510,No,No,0,248.6,83,42.26,148.9,85,12.66,172.5,109,7.76,8.0,4,2.16,3,False
WY,126,408,Yes,No,0,197.6,126,33.59,246.5,112,20.95,285.3,104,12.84,12.5,8,3.38,2,False
TN,114,510,No,No,0,172.0,145,29.24,276.4,101,23.49,193.7,100,8.72,10.1,9,2.73,1,False
NC,73,408,No,No,0,187.8,95,31.93,149.2,143,12.68,201.4,113,9.06,11.0,4,2.97,2,False
IN,205,510,No,No,0,49.9,123,8.48,150.7,81,12.81,188.2,67,8.47,10.1,4,2.73,2,False
NH,67,415,No,Yes,40,104.9,65,17.83,216.3,93,18.39,217.4,128,9.78,9.6,9,2.59,1,False
CO,86,415,No,No,0,217.8,93,37.03,214.7,95,18.25,228.7,70,10.29,11.3,7,3.05,0,False
UT,93,415,No,No,0,164.9,68,28.03,210.4,86,17.88,229.4,104,10.32,7.8,4,2.11,2,False
MD,73,510,No,No,0,254.7,80,43.3,90.2,79,7.67,153.4,60,6.9,10.6,8,2.86,0,False
LA,115,415,No,Yes,26,170.5,107,28.99,217.2,77,18.46,225.7,71,10.16,13.6,5,3.67,6,False
WA,86,510,No,No,0,150.5,92,25.59,120.3,95,10.23,271.2,96,12.2,9.0,2,2.43,1,False
MI,86,510,No,Yes,41,119.0,101,20.23,230.0,134,19.55,236.9,58,10.66,9.5,3,2.57,0,False
NY,122,415,No,No,0,173.6,110,29.51,91.7,84,7.79,211.7,103,9.53,9.7,7,2.62,3,False
ND,124,415,No,No,0,150.3,101,25.55,255.9,112,21.75,136.7,62,6.15,12.5,4,3.38,2,False
NV,124,415,No,No,0,234.4,61,39.85,179.3,111,15.24,285.5,117,12.85,10.4,6,2.81,3,False
NY,70,415,No,No,0,177.4,125,30.16,226.2,104,19.23,254.1,72,11.43,10.9,4,2.94,0,False
WA,119,415,No,Yes,26,161.3,97,27.42,250.3,110,21.28,142.4,92,6.41,6.6,8,1.78,1,False
GA,189,408,No,No,0,227.4,84,38.66,176.0,81,14.96,206.1,120,9.27,6.3,4,1.7,2,False
OH,119,415,No,Yes,35,217.1,92,36.91,220.8,134,18.77,249.5,93,11.23,8.0,5,2.16,2,False
WY,185,415,Yes,Yes,30,154.1,114,26.2,118.7,106,10.09,258.4,105,11.63,12.9,3,3.48,2,False
NJ,151,415,No,No,0,118.9,128,20.21,278.3,65,23.66,194.8,61,8.77,13.2,10,3.56,2,False
PA,87,408,No,Yes,30,262.8,114,44.68,215.8,130,18.34,154.8,88,6.97,7.8,2,2.11,0,False
TX,126,415,No,No,0,190.9,143,32.45,149.7,72,12.72,191.4,87,8.61,13.0,3,3.51,1,False
IA,92,510,No,Yes,25,134.0,112,22.78,206.0,111,17.51,180.6,118,8.13,9.7,4,2.62,0,False
DE,92,415,No,Yes,33,243.1,92,41.33,213.8,92,18.17,228.7,104,10.29,12.1,2,3.27,2,False
WY,127,510,Yes,No,0,242.2,102,41.17,226.1,80,19.22,252.0,96,11.34,13.9,5,3.75,2,True
DE,81,510,Yes,No,0,250.6,85,42.6,187.9,50,15.97,120.3,131,5.41,7.8,5,2.11,1,False
KY,55,415,No,Yes,28,105.3,82,17.9,197.4,109,16.78,187.5,91,8.44,8.6,6,2.32,2,False
WV,32,408,No,Yes,26,266.7,109,45.34,232.3,107,19.75,212.8,98,9.58,16.3,4,4.4,1,False
SC,78,415,No,No,0,155.0,106,26.35,175.3,101,14.9,155.6,125,7.0,11.8,5,3.19,2,False
NH,56,415,No,Yes,24,121.7,87,20.69,184.0,76,15.64,266.6,98,12.0,12.7,3,3.43,1,False
WY,114,415,No,Yes,32,125.2,79,21.28,177.8,105,15.11,232.4,89,10.46,12.9,3,3.48,1,False
NH,13,415,No,No,0,193.2,89,32.84,194.4,90,16.52,186.5,104,8.39,9.7,2,2.62,4,False
LA,123,415,No,Yes,33,146.6,87,24.92,114.8,59,9.76,220.4,99,9.92,2.9,7,0.78,0,False
OK,96,415,No,No,0,260.4,115,44.27,146.0,46,12.41,269.5,87,12.13,11.5,4,3.11,5,False
NC,114,408,No,No,0,193.0,101,32.81,250.0,81,21.25,133.3,79,6.0,9.6,2,2.59,2,False
MD,67,415,No,No,0,171.7,80,29.19,110.4,81,9.38,195.4,111,8.79,11.9,4,3.21,2,False
TN,74,415,No,Yes,25,234.4,113,39.85,265.9,82,22.6,241.4,77,10.86,13.7,4,3.7,0,False
WV,62,415,No,No,0,189.5,122,32.22,103.8,95,8.82,180.6,106,8.13,10.8,5,2.92,2,False
DE,131,408,No,No,0,94.4,80,16.05,215.1,101,18.28,179.7,108,8.09,13.1,9,3.54,2,False
MN,30,408,No,No,0,54.0,68,9.18,179.3,96,15.24,247.2,101,11.12,10.2,8,2.75,1,False
RI,46,408,No,No,0,40.4,105,6.87,172.4,83,14.65,145.1,89,6.53,9.0,2,2.43,2,False
SC,93,415,No,No,0,190.2,68,32.33,262.2,64,22.29,130.0,92,5.85,8.8,4,2.38,0,False
DE,51,510,No,No,0,181.5,108,30.86,196.9,87,16.74,187.2,119,8.42,10.3,2,2.78,1,False
ME,52,510,No,No,0,129.3,80,21.98,142.7,101,12.13,258.3,89,11.62,12.3,4,3.32,3,False
VT,38,415,No,No,0,137.8,86,23.43,286.3,76,24.34,167.0,77,7.52,14.1,3,3.81,2,False
MN,90,408,No,No,0,142.4,126,24.21,126.2,118,10.73,274.2,71,12.34,4.6,4,1.24,1,False
FL,159,415,No,Yes,15,113.9,102,19.36,145.3,146,12.35,195.2,137,8.78,11.8,9,3.19,1,False
FL,120,415,No,Yes,31,153.5,83,26.1,219.1,96,18.62,237.4,76,10.68,11.4,4,3.08,0,False
MA,80,510,No,No,0,149.8,123,25.47,276.3,75,23.49,241.4,75,10.86,10.9,7,2.94,2,False
OH,123,408,No,Yes,39,270.4,99,45.97,245.1,110,20.83,108.9,113,4.9,15.4,7,4.16,1,False
VT,93,510,No,Yes,32,218.7,117,37.18,115.0,61,9.78,192.7,85,8.67,9.4,5,2.54,2,False
WV,177,408,No,No,0,227.8,81,38.73,161.8,97,13.75,217.0,106,9.76,8.0,5,2.16,1,False
AL,200,408,No,No,0,128.2,87,21.79,133.2,105,11.32,177.6,123,7.99,11.2,2,3.02,1,False
KS,99,415,No,No,0,191.2,110,32.5,163.9,102,13.93,243.6,114,10.96,14.1,3,3.81,1,False
OR,161,408,No,No,0,196.6,73,33.42,170.2,79,14.47,194.3,79,8.74,12.5,3,3.38,1,False
VA,87,415,No,No,0,171.6,119,29.17,205.0,107,17.43,170.6,114,7.68,13.8,4,3.73,0,False
DC,119,408,No,Yes,26,132.0,100,22.44,173.3,121,14.73,203.5,108,9.16,11.6,5,3.13,1,False
VT,193,408,No,Yes,17,124.0,102,21.08,202.9,81,17.25,205.1,129,9.23,12.3,3,3.32,1,False
WY,106,415,Yes,Yes,26,270.3,111,45.95,215.2,90,18.29,254.0,133,11.43,14.4,7,3.89,1,True
WV,94,415,No,No,0,85.9,113,14.6,226.7,91,19.27,279.6,110,12.58,15.6,16,4.21,0,False
GA,72,415,No,Yes,37,220.0,80,37.4,217.3,102,18.47,152.8,71,6.88,14.7,6,3.97,3,False
OK,127,510,No,Yes,27,2.6,113,0.44,254.0,102,21.59,242.7,156,10.92,9.2,5,2.48,3,False
MI,122,510,No,No,0,144.2,87,24.51,212.2,74,18.04,169.3,87,7.62,9.5,4,2.57,0,False
MN,142,510,No,Yes,40,237.4,105,40.36,175.9,93,14.95,210.3,110,9.46,9.2,3,2.48,3,False
MT,143,408,No,Yes,22,141.8,116,24.11,167.3,99,14.22,178.1,130,8.01,7.8,3,2.11,1,False
GA,136,415,No,No,0,163.4,83,27.78,249.3,119,21.19,249.7,90,11.24,9.8,4,2.65,7,False
IN,51,510,No,No,0,214.8,94,36.52,149.7,58,12.72,283.4,66,12.75,10.2,5,2.75,0,False
ID,114,408,No,Yes,19,154.6,100,26.28,241.6,109,20.54,160.0,112,7.2,12.6,1,3.4,3,False
TX,114,415,No,No,0,84.7,118,14.4,249.9,86,21.24,193.4,95,8.7,14.5,8,3.92,1,False
VA,104,415,No,Yes,23,280.2,136,47.63,220.5,92,18.74,136.9,102,6.16,13.3,3,3.59,4,False
OR,151,510,No,No,0,156.4,108,26.59,233.4,118,19.84,195.7,141,8.81,7.7,6,2.08,4,False
IN,81,408,No,No,0,175.5,67,29.84,249.3,85,21.19,270.2,98,12.16,10.2,3,2.75,1,False
MD,121,510,No,No,0,190.7,103,32.42,183.5,117,15.6,220.8,103,9.94,9.8,4,2.65,3,False
WY,125,415,No,No,0,140.1,132,23.82,209.6,126,17.82,264.1,77,11.88,8.0,2,2.16,1,False
TX,136,408,No,No,0,269.8,106,45.87,228.8,101,19.45,257.5,106,11.59,10.1,8,2.73,1,True
KS,137,415,No,No,0,230.2,113,39.13,220.4,79,18.73,204.7,111,9.21,10.7,7,2.89,4,False
DE,121,408,No,No,0,215.6,74,36.65,192.9,98,16.4,144.0,103,6.48,10.1,4,2.73,5,False
IN,86,415,No,No,0,166.2,112,28.25,255.3,81,21.7,228.1,97,10.26,5.4,7,1.46,1,False
IL,116,510,No,No,0,164.6,110,27.98,270.6,103,23.0,230.4,109,10.37,8.0,3,2.16,0,False
OK,49,415,No,No,0,213.8,79,36.35,265.1,93,22.53,239.8,128,10.79,15.6,7,4.21,0,False
MA,112,415,No,Yes,17,183.2,95,31.14,252.8,125,21.49,156.7,95,7.05,9.7,3,2.62,0,False
NM,54,415,No,Yes,24,92.3,88,15.69,193.1,98,16.41,99.3,119,4.47,11.6,3,3.13,2,False
AZ,48,415,No,Yes,27,141.1,109,23.99,224.7,94,19.1,174.3,122,7.84,13.2,2,3.56,1,False
MN,75,415,No,No,0,143.2,92,24.34,209.1,142,17.77,173.0,96,7.79,11.9,9,3.21,1,False
MN,94,415,No,No,0,181.5,98,30.86,199.9,88,16.99,287.7,114,12.95,6.6,5,1.78,1,False
MI,105,510,No,No,0,140.6,109,23.9,178.6,51,15.18,217.0,83,9.76,6.8,3,1.84,2,False
MS,103,415,No,No,0,129.3,103,21.98,202.8,89,17.24,233.0,126,10.49,12.9,2,3.48,2,False
NC,88,408,No,Yes,27,93.4,106,15.88,252.0,92,21.42,189.0,104,8.5,10.9,1,2.94,1,False
WY,89,415,No,No,0,115.4,99,19.62,209.9,115,17.84,280.9,112,12.64,15.9,6,4.29,3,False
HI,24,415,No,No,0,235.6,132,40.05,115.9,129,9.85,185.4,136,8.34,16.2,2,4.37,0,False
MD,90,415,No,No,0,145.6,103,24.75,197.1,137,16.75,294.5,83,13.25,10.5,4,2.84,0,False
CO,37,408,No,No,0,199.5,107,33.92,207.5,110,17.64,83.9,123,3.78,8.1,4,2.19,2,False
NM,73,415,No,No,0,214.3,145,36.43,268.5,135,22.82,241.2,92,10.85,10.8,13,2.92,1,False
KS,68,415,No,No,0,207.6,68,35.29,251.6,123,21.39,191.6,100,8.62,10.9,6,2.94,2,False
SD,30,415,No,No,0,247.4,107,42.06,175.9,76,14.95,287.4,90,12.93,11.3,2,3.05,0,False
ID,24,408,No,Yes,29,236.3,105,40.17,190.8,114,16.22,129.0,105,5.81,7.2,2,1.94,3,False
CT,120,408,Yes,No,0,202.0,123,34.34,184.3,78,15.67,176.0,89,7.92,7.4,2,2.0,2,True
OH,75,510,No,Yes,27,117.5,102,19.98,206.8,127,17.58,194.4,114,8.75,4.2,7,1.13,3,False
PA,128,408,Yes,No,0,245.2,112,41.68,101.5,101,8.63,152.3,116,6.85,10.7,5,2.89,0,False
WI,35,510,No,Yes,27,241.7,87,41.09,142.0,101,12.07,288.9,68,13.0,9.4,4,2.54,1,False
AL,146,415,No,Yes,32,154.0,80,26.18,185.5,91,15.77,148.2,107,6.67,8.2,4,2.21,3,False
SC,19,510,No,No,0,259.4,116,44.1,269.7,109,22.92,175.3,130,7.89,9.5,3,2.57,1,True
NH,123,415,No,Yes,22,197.6,105,33.59,80.0,86,6.8,120.8,82,5.44,15.6,12,4.21,2,False
GA,109,510,No,Yes,35,230.5,116,39.19,265.8,130,22.59,269.7,69,12.14,10.6,6,2.86,5,False
NE,154,415,No,No,0,191.4,93,32.54,205.4,119,17.46,205.7,121,9.26,10.2,3,2.75,3,False
CO,139,415,No,No,0,138.1,103,23.48,164.5,100,13.98,134.9,63,6.07,8.3,2,2.24,1,False
MO,196,415,No,No,0,234.0,109,39.78,249.5,114,21.21,173.1,70,7.79,9.1,5,2.46,2,False
VT,67,408,No,No,0,260.4,107,44.27,208.2,104,17.7,207.9,115,9.36,10.0,2,2.7,6,False
ND,154,408,No,Yes,35,224.0,102,38.08,192.0,99,16.32,163.1,100,7.34,9.6,2,2.59,0,False
OR,161,415,No,No,0,178.1,109,30.28,146.5,86,12.45,137.6,78,6.19,8.5,2,2.3,1,False
TX,79,415,No,No,0,144.0,90,24.48,135.8,91,11.54,212.4,129,9.56,13.0,4,3.51,1,False
KS,137,415,No,Yes,19,175.3,96,29.8,241.3,146,20.51,211.4,109,9.51,7.8,2,2.11,0,False
NV,53,415,No,No,0,168.8,97,28.7,220.3,87,18.73,154.3,113,6.94,10.9,2,2.94,0,False
KS,68,510,No,No,0,159.5,123,27.12,240.8,93,20.47,210.3,76,9.46,11.4,3,3.08,1,False
SC,109,415,No,No,0,222.5,74,37.83,169.7,75,14.42,264.3,94,11.89,9.0,3,2.43,2,False
RI,75,415,No,No,0,122.8,89,20.88,211.3,104,17.96,261.4,91,11.76,10.7,2,2.89,2,False
AZ,113,415,No,Yes,32,180.4,89,30.67,129.4,124,11.0,166.9,124,7.51,8.4,2,2.27,1,False
AK,115,415,No,No,0,210.6,120,35.8,153.1,84,13.01,262.2,79,11.8,11.0,5,2.97,0,False
TN,196,415,No,No,0,133.1,80,22.63,206.5,120,17.55,221.6,96,9.97,10.3,8,2.78,1,False
MI,139,415,No,Yes,20,214.6,101,36.48,235.1,132,19.98,162.8,132,7.33,14.8,12,4.0,0,False
AZ,59,408,No,No,0,150.2,70,25.53,185.7,98,15.78,212.5,128,9.56,12.1,2,3.27,1,False
NM,132,408,No,No,0,169.9,107,28.88,209.4,121,17.8,206.1,79,9.27,11.5,2,3.11,1,False
PA,61,408,No,Yes,31,288.7,101,49.08,203.8,102,17.32,203.2,49,9.14,8.6,3,2.32,0,False
OR,38,415,No,No,0,194.4,94,33.05,186.7,95,15.87,223.3,90,10.05,10.8,5,2.92,3,False
KS,103,408,Yes,No,0,62.8,124,10.68,170.4,66,14.48,280.2,78,12.61,9.4,4,2.54,3,False
CA,120,510,No,No,0,134.8,94,22.92,204.1,106,17.35,238.4,109,10.73,6.7,8,1.81,1,False
TX,90,408,Yes,No,0,221.8,97,37.71,203.8,134,17.32,215.8,154,9.71,8.4,4,2.27,1,False
NY,32,415,No,No,0,164.8,98,28.02,229.9,96,19.54,167.3,108,7.53,14.8,2,4.0,2,False
MA,128,415,No,No,0,195.6,99,33.25,267.8,120,22.76,164.9,76,7.42,16.0,2,4.32,0,False
RI,95,408,No,No,0,160.0,133,27.2,215.3,98,18.3,188.9,87,8.5,9.1,4,2.46,0,False
FL,106,408,No,Yes,32,165.9,126,28.2,216.5,93,18.4,173.1,86,7.79,14.1,8,3.81,4,False
MN,38,510,No,No,0,175.7,109,29.87,211.8,97,18.0,137.9,109,6.21,9.2,3,2.48,5,True
IL,142,415,No,Yes,38,163.3,104,27.76,136.0,114,11.56,249.1,127,11.21,4.3,6,1.16,0,False
SD,91,510,No,No,0,149.0,115,25.33,245.3,105,20.85,260.0,94,11.7,8.3,3,2.24,0,False
OH,114,415,No,No,0,191.5,88,32.56,175.2,78,14.89,220.3,118,9.91,0.0,0,0.0,0,False
VT,107,510,No,Yes,28,201.8,79,34.31,304.9,128,25.92,225.6,133,10.15,11.9,8,3.21,1,False
IL,179,408,No,No,0,234.5,134,39.87,164.2,94,13.96,191.4,72,8.61,6.1,4,1.65,1,False
MI,36,510,No,Yes,29,281.4,102,47.84,202.2,76,17.19,187.2,113,8.42,9.0,6,2.43,2,False
CT,80,408,No,No,0,118.1,90,20.08,144.3,77,12.27,225.1,86,10.13,8.2,6,2.21,1,False
NY,94,510,Yes,No,0,243.2,109,41.34,147.0,88,12.5,94.9,99,4.27,7.2,4,1.94,4,False
KY,57,415,No,Yes,29,279.9,121,47.58,223.1,109,18.96,251.7,94,11.33,13.0,2,3.51,1,False
AR,179,415,Yes,Yes,38,220.1,78,37.42,234.3,71,19.92,237.3,85,10.68,10.1,4,2.73,4,False
MN,163,408,No,Yes,22,215.1,91,36.57,138.9,102,11.81,146.2,109,6.58,12.4,2,3.35,2,False
TX,130,415,No,No,0,176.9,109,30.07,90.7,104,7.71,238.0,69,10.71,9.5,2,2.57,1,False
SD,75,408,No,No,0,147.5,110,25.08,191.7,97,16.29,135.0,68,6.08,16.4,3,4.43,2,False
ME,149,408,No,No,0,237.6,79,40.39,192.4,107,16.35,207.4,111,9.33,9.1,9,2.46,0,False
SD,88,408,No,No,0,142.2,107,24.17,262.4,84,22.3,139.2,99,6.26,10.1,5,2.73,1,False
VT,119,510,No,No,0,190.4,74,32.37,215.6,113,18.33,161.2,111,7.25,10.0,1,2.7,2,False
VT,162,510,No,No,0,220.6,117,37.5,155.2,121,13.19,186.7,89,8.4,10.5,11,2.84,1,False
OR,67,415,Yes,No,0,120.9,58,20.55,235.0,88,19.98,95.1,130,4.28,11.4,11,3.08,2,False
RI,36,415,No,No,0,235.1,97,39.97,196.8,104,16.73,259.7,110,11.69,7.0,7,1.89,3,False
MS,69,510,No,Yes,27,268.8,78,45.7,246.6,89,20.96,271.9,102,12.24,16.4,3,4.43,0,False
WI,67,510,No,No,0,109.1,134,18.55,142.3,76,12.1,91.2,86,4.1,10.9,5,2.94,2,False
MO,123,415,No,No,0,206.9,85,35.17,244.7,78,20.8,221.5,136,9.97,7.7,2,2.08,3,False
LA,87,415,No,No,0,228.7,90,38.88,163.0,99,13.86,154.1,90,6.93,11.8,3,3.19,1,False
WV,133,510,No,No,0,176.8,92,30.06,187.5,97,15.94,196.8,88,8.86,6.5,3,1.76,2,False
FL,106,408,No,No,0,178.4,143,30.33,247.0,123,21.0,259.9,105,11.7,9.6,2,2.59,0,False
WI,129,415,No,Yes,37,205.0,94,34.85,165.4,103,14.06,185.0,81,8.32,11.7,8,3.16,1,False
GA,98,415,No,Yes,31,121.0,105,20.57,218.9,98,18.61,226.7,110,10.2,12.0,1,3.24,1,False
VT,128,510,No,Yes,29,179.3,104,30.48,225.9,86,19.2,323.0,78,14.54,8.6,7,2.32,0,False
MT,169,415,No,No,0,100.8,112,17.14,230.0,69,19.55,193.6,95,8.71,9.5,2,2.57,0,False
MI,102,510,No,No,0,102.6,89,17.44,246.0,77,20.91,170.5,140,7.67,9.1,4,2.46,2,False
CO,156,408,No,No,0,150.5,106,25.59,152.9,112,13.0,215.9,86,9.72,3.5,3,0.95,1,False
CT,100,415,No,No,0,235.8,130,40.09,176.0,69,14.96,63.6,122,2.86,7.3,1,1.97,2,False
AK,132,510,No,No,0,181.1,121,30.79,314.4,109,26.72,246.7,81,11.1,4.2,9,1.13,2,False
IN,108,510,No,No,0,293.0,88,49.81,160.6,101,13.65,143.9,87,6.48,10.0,6,2.7,2,False
AZ,134,415,No,Yes,40,142.9,105,24.29,88.6,61,7.53,290.0,96,13.05,10.8,6,2.92,1,False
WI,103,415,No,No,0,180.2,134,30.63,97.7,85,8.3,181.7,134,8.18,8.4,3,2.27,1,False
NY,106,408,No,No,0,158.7,74,26.98,64.3,139,5.47,198.5,103,8.93,10.2,4,2.75,1,False
WI,84,510,No,Yes,12,89.7,87,15.25,138.6,73,11.78,165.8,114,7.46,10.7,2,2.89,1,False
IL,57,415,No,Yes,30,179.2,105,30.46,283.2,83,24.07,228.1,77,10.26,14.7,5,3.97,1,False
WI,111,415,No,Yes,36,166.2,54,28.25,238.8,109,20.3,108.8,92,4.9,11.2,2,3.02,3,False
NE,73,415,No,No,0,198.3,94,33.71,279.3,101,23.74,146.2,87,6.58,14.8,8,4.0,3,False
IL,151,408,No,No,0,175.3,106,29.8,144.3,87,12.27,160.2,88,7.21,11.8,5,3.19,0,False
MO,110,408,No,No,0,222.7,94,37.86,105.8,98,8.99,214.8,78,9.67,13.5,4,3.65,1,False
NJ,197,510,No,No,0,154.8,111,26.32,171.5,102,14.58,227.3,86,10.23,10.6,2,2.86,3,False
NC,161,415,No,No,0,322.3,100,54.79,230.4,135,19.58,241.5,104,10.87,7.8,5,2.11,2,True
KS,52,415,No,No,0,165.5,78,28.14,205.5,89,17.47,213.6,124,9.61,12.2,6,3.29,0,False
MT,78,415,No,No,0,191.7,122,32.59,241.4,88,20.52,203.5,86,9.16,9.1,5,2.46,1,False
VT,165,510,No,No,0,242.9,126,41.29,209.8,65,17.83,228.4,126,10.28,0.0,0,0.0,1,False
WI,63,510,No,Yes,34,152.2,119,25.87,227.1,91,19.3,195.7,103,8.81,12.3,5,3.32,1,False
DE,138,510,Yes,No,0,46.5,104,7.91,186.0,114,15.81,167.5,95,7.54,9.6,4,2.59,4,True
AZ,97,408,No,No,0,169.7,84,28.85,165.9,86,14.1,191.9,83,8.64,12.8,6,3.46,3,False
MN,68,510,No,No,0,226.7,94,38.54,168.4,129,14.31,188.7,117,8.49,10.2,1,2.75,0,False
OR,125,408,No,Yes,32,96.5,109,16.41,145.8,109,12.39,174.4,82,7.85,9.4,2,2.54,1,False
MS,1,415,No,No,0,144.8,107,24.62,112.5,66,9.56,218.7,79,9.84,13.8,3,3.73,1,False
ND,62,510,No,No,0,159.9,100,27.18,172.2,99,14.64,263.2,109,11.84,5.6,4,1.51,1,False
HI,99,415,No,No,0,62.9,81,10.69,231.0,64,19.64,168.9,121,7.6,8.5,5,2.3,1,False
ID,92,415,No,Yes,31,172.3,116,29.29,266.2,91,22.63,228.2,90,10.27,11.8,5,3.19,1,False
AL,167,510,No,No,0,207.6,88,35.29,132.4,63,11.25,255.2,98,11.48,14.1,5,3.81,0,False
AR,127,415,Yes,No,0,143.2,60,24.34,179.5,159,15.26,171.8,122,7.73,6.2,4,1.67,4,True
ND,101,415,No,Yes,28,105.9,132,18.0,231.7,107,19.69,281.3,120,12.66,10.7,5,2.89,1,False
SC,99,415,No,No,0,174.1,102,29.6,99.1,118,8.42,211.6,126,9.52,7.7,2,2.08,2,False
KS,143,408,No,Yes,24,186.6,69,31.72,222.0,116,18.87,234.9,138,10.57,11.6,5,3.13,1,False
NC,172,408,No,Yes,47,274.9,102,46.73,186.6,118,15.86,245.0,123,11.03,8.8,2,2.38,1,False
SC,72,415,No,No,0,207.8,92,35.33,195.7,110,16.63,184.8,124,8.32,13.1,4,3.54,0,False
NJ,48,510,No,Yes,22,152.0,63,25.84,258.8,131,22.0,263.2,109,11.84,15.7,5,4.24,2,True
IN,122,408,No,No,0,296.4,99,50.39,214.8,89,18.26,133.9,107,6.03,11.4,3,3.08,4,True
WY,93,408,No,Yes,42,166.9,101,28.37,273.2,84,23.22,171.0,106,7.69,11.5,1,3.11,1,False
MD,85,510,Yes,No,0,216.0,73,36.72,188.2,117,16.0,147.1,98,6.62,3.6,7,0.97,2,False
AR,94,408,No,No,0,136.2,114,23.15,165.1,118,14.03,137.9,71,6.21,9.6,5,2.59,0,False
LA,98,408,No,No,0,136.1,82,23.14,156.3,118,13.29,158.8,83,7.15,10.1,5,2.73,2,False
WI,51,408,No,No,0,197.8,60,33.63,221.0,64,18.79,168.6,134,7.59,8.9,5,2.4,1,False
SD,64,415,No,No,0,174.5,98,29.67,180.2,103,15.32,179.0,89,8.06,10.7,2,2.89,2,False
MI,65,415,No,No,0,211.3,120,35.92,162.6,122,13.82,134.7,118,6.06,13.2,5,3.56,3,False
NY,41,415,No,No,0,209.9,105,35.68,121.9,105,10.36,253.7,104,11.42,9.6,4,2.59,1,False
MO,147,415,Yes,No,0,157.0,79,26.69,103.1,94,8.76,211.8,96,9.53,7.1,6,1.92,0,False
AZ,86,415,No,Yes,32,70.9,163,12.05,166.7,121,14.17,244.9,105,11.02,11.1,5,3.0,3,False
SD,93,415,No,No,0,176.1,103,29.94,199.7,130,16.97,263.9,96,11.88,8.5,6,2.3,2,False
AL,91,510,No,Yes,23,232.4,97,39.51,186.0,88,15.81,190.5,128,8.57,12.3,3,3.32,3,False
FL,92,415,No,No,0,201.9,74,34.32,226.8,119,19.28,217.5,80,9.79,13.7,6,3.7,3,False
NC,115,510,Yes,No,0,251.3,69,42.72,252.5,96,21.46,118.3,112,5.32,9.9,1,2.67,3,True
OH,109,415,No,No,0,193.6,58,32.91,148.7,115,12.64,282.5,105,12.71,13.1,1,3.54,2,False
CO,54,510,No,Yes,39,117.6,82,19.99,159.2,60,13.53,236.4,113,10.64,11.3,10,3.05,2,False
AL,49,415,No,Yes,28,214.4,78,36.45,235.2,100,19.99,206.2,107,9.28,8.0,13,2.16,3,False
CT,99,415,No,No,0,146.7,64,24.94,274.0,99,23.29,321.3,98,14.46,8.9,1,2.4,3,False
ID,173,510,No,Yes,21,232.4,96,39.51,211.9,118,18.01,273.0,102,12.29,5.0,5,1.35,3,False
AZ,100,415,No,Yes,26,153.7,115,26.13,137.8,146,11.71,213.5,104,9.61,15.9,5,4.29,1,False
FL,102,408,No,Yes,29,214.7,86,36.5,314.3,109,26.72,280.2,110,12.61,14.3,2,3.86,0,False
AR,163,408,No,No,0,197.0,109,33.49,202.6,128,17.22,206.4,80,9.29,9.1,10,2.46,1,False
MS,43,510,No,No,0,159.5,99,27.12,119.7,149,10.17,173.9,126,7.83,6.8,3,1.84,2,False
NY,64,408,No,No,0,219.6,126,37.33,303.3,100,25.78,154.5,65,6.95,9.7,5,2.62,1,False
VA,102,408,No,No,0,156.5,67,26.61,204.3,103,17.37,141.9,72,6.39,9.9,2,2.67,2,False
GA,71,415,No,No,0,258.4,132,43.93,126.8,119,10.78,182.4,87,8.21,9.7,8,2.62,4,False
MI,74,415,No,No,0,124.8,114,21.22,133.0,121,11.31,160.3,85,7.21,10.6,7,2.86,3,False
NY,104,415,No,No,0,156.2,93,26.55,193.0,54,16.41,222.7,94,10.02,13.1,5,3.54,1,False
CT,152,408,No,Yes,20,239.1,105,40.65,209.1,111,17.77,268.2,130,12.07,13.3,3,3.59,5,False
CT,134,408,No,Yes,32,80.3,94,13.65,199.9,124,16.99,170.8,117,7.69,16.6,3,4.48,0,False
MI,157,415,No,Yes,28,192.6,107,32.74,195.5,74,16.62,109.7,139,4.94,6.8,5,1.84,3,False
LA,75,510,Yes,No,0,153.2,78,26.04,210.8,99,17.92,153.5,100,6.91,7.8,3,2.11,1,False
UT,144,415,No,No,0,139.6,96,23.73,124.2,93,10.56,95.6,75,4.3,15.0,4,4.05,2,False
NV,118,510,No,Yes,35,256.3,119,43.57,258.1,91,21.94,215.5,130,9.7,11.7,1,3.16,1,False
AK,86,408,No,No,0,150.8,85,25.64,295.9,88,25.15,247.2,104,11.12,12.5,1,3.38,1,False
MA,73,408,No,No,0,94.1,136,16.0,280.3,122,23.83,205.0,77,9.23,9.8,4,2.65,0,False
UT,81,510,No,No,0,154.5,84,26.27,216.2,91,18.38,229.8,82,10.34,13.7,3,3.7,1,False
MT,157,408,No,No,0,240.2,67,40.83,153.0,98,13.01,249.0,72,11.21,10.2,6,2.75,2,False
AR,116,415,No,Yes,23,253.0,78,43.01,138.9,121,11.81,277.8,104,12.5,11.8,3,3.19,2,False
MT,80,415,No,No,0,198.1,160,33.68,156.7,87,13.32,182.1,76,8.19,9.3,3,2.51,3,False
MS,105,415,No,No,0,101.4,48,17.24,159.1,119,13.52,259.2,53,11.66,12.2,2,3.29,1,False
VA,138,415,No,No,0,251.0,119,42.67,91.2,96,7.75,142.2,87,6.4,13.8,3,3.73,3,False
WI,131,415,No,Yes,39,69.1,122,11.75,101.3,136,8.61,104.8,94,4.72,9.1,4,2.46,0,False
WA,83,415,No,No,0,221.4,103,37.64,231.8,103,19.7,122.5,100,5.51,9.8,5,2.65,3,False
CT,33,510,No,No,0,182.5,65,31.03,232.1,96,19.73,149.2,82,6.71,7.5,2,2.03,2,False
MI,70,510,No,No,0,129.9,102,22.08,208.7,133,17.74,231.4,93,10.41,14.3,3,3.86,1,False
MN,96,415,No,Yes,27,261.3,96,44.42,220.9,101,18.78,179.4,97,8.07,11.3,2,3.05,1,False
KY,45,415,No,Yes,22,196.6,84,33.42,313.2,92,26.62,163.3,108,7.35,11.9,3,3.21,0,False
FL,68,415,No,Yes,24,176.0,118,29.92,277.9,116,23.62,174.7,71,7.86,14.7,7,3.97,1,False
WI,94,510,No,No,0,177.1,112,30.11,194.0,112,16.49,146.7,108,6.6,5.9,4,1.59,1,False
IA,62,415,No,No,0,120.7,70,20.52,307.2,76,26.11,203.0,99,9.14,13.1,6,3.54,4,False
VA,158,415,No,No,0,222.8,101,37.88,203.0,128,17.26,210.6,106,9.48,6.9,2,1.86,2,False
AR,110,408,No,No,0,55.3,102,9.4,164.7,124,14.0,200.7,108,9.03,10.2,5,2.75,1,False
KY,72,415,No,No,0,198.4,147,33.73,216.9,121,18.44,112.8,125,5.08,13.1,4,3.54,0,False
TX,64,415,No,No,0,168.0,116,28.56,192.4,94,16.35,166.5,98,7.49,10.1,3,2.73,2,False
VT,99,408,No,Yes,19,87.7,103,14.91,223.0,86,18.96,182.3,112,8.2,7.3,4,1.97,2,False
TX,90,408,No,Yes,27,156.7,51,26.64,236.5,118,20.1,123.2,111,5.54,12.6,6,3.4,2,False
NE,123,510,No,No,0,194.0,118,32.98,242.0,114,20.57,146.3,108,6.58,12.1,4,3.27,1,False
MI,110,510,No,No,0,18.9,92,3.21,258.4,81,21.96,109.6,74,4.93,14.8,4,4.0,1,False
AK,78,510,No,No,0,190.3,88,32.35,194.5,89,16.53,256.5,109,11.54,11.7,5,3.16,2,False
WV,144,510,No,Yes,38,105.0,86,17.85,121.8,123,10.35,221.5,122,9.97,3.7,4,1.0,0,False
HI,157,415,No,No,0,276.2,95,46.95,165.8,119,14.09,151.6,79,6.82,2.2,4,0.59,3,False
SD,145,408,No,Yes,24,147.5,90,25.08,175.7,108,14.93,252.1,102,11.34,15.6,3,4.21,2,False
NH,90,415,No,No,0,76.1,121,12.94,290.3,73,24.68,236.9,89,10.66,10.8,3,2.92,0,False
NM,85,408,No,Yes,37,229.6,123,39.03,132.3,90,11.25,211.9,76,9.54,9.5,8,2.57,2,False
WA,62,415,No,No,0,100.0,98,17.0,173.5,95,14.75,218.0,122,9.81,10.1,4,2.73,0,False
AL,83,408,No,No,0,202.3,87,34.39,201.5,111,17.13,101.7,82,4.58,6.8,4,1.84,0,False
NH,101,510,No,No,0,220.3,124,37.45,188.6,101,16.03,278.4,98,12.53,10.6,4,2.86,1,False
WV,145,408,No,Yes,31,216.0,94,36.72,225.1,123,19.13,234.7,109,10.56,10.7,1,2.89,2,False
IA,36,510,No,No,0,117.1,94,19.91,235.4,117,20.01,221.3,108,9.96,9.0,2,2.43,0,False
WY,70,415,No,No,0,175.4,130,29.82,159.5,130,13.56,260.6,96,11.73,11.6,4,3.13,0,False
DC,170,510,No,No,0,184.1,106,31.3,204.9,70,17.42,224.3,133,10.09,9.8,3,2.65,2,False
